name,lat,lon,height_m,source,peak_dbm,n_cells
inferred_0,36.40601138107599,-109.86766834905768,30.0,inferred,-60.0,9.0
inferred_1,36.34993516085696,-109.83404661760034,30.0,inferred,-60.0,7.0
inferred_2,36.06522577139957,-109.88425703946862,30.0,inferred,-60.0,6.0
inferred_3,36.15538491542627,-110.00750868952551,30.0,inferred,-60.0,2.0
inferred_4,36.52322303586606,-110.07787891040849,30.0,inferred,-60.0,12.0
inferred_5,36.2831604708837,-110.30450727515914,30.0,inferred,-60.0,2.0
inferred_6,36.11059683099141,-110.21681194019148,30.0,inferred,-60.0,30.0
inferred_7,36.337212287551615,-110.07544227575872,30.0,inferred,-70.0,10.0
inferred_8,36.33252535549807,-110.10071383196116,30.0,inferred,-60.0,1.0
inferred_9,36.325339097410215,-110.11802885017488,30.0,inferred,-70.0,3.0
inferred_10,36.54368304092476,-110.47363974577414,30.0,inferred,-70.0,5.0
inferred_11,36.07488926703251,-110.33203497104459,30.0,inferred,-60.0,1.0
inferred_12,36.31545355477134,-110.16508276757807,30.0,inferred,-80.0,2.0
inferred_13,36.32568509132479,-109.7972733217244,30.0,inferred,-80.0,28.0
inferred_14,36.36508759852174,-109.87263434638457,30.0,inferred,-80.0,5.0
inferred_15,36.45984820662234,-109.9075729319628,30.0,inferred,-80.0,4.0
inferred_16,36.06330435383134,-109.96271743368891,30.0,inferred,-80.0,3.0
inferred_17,36.132825131304955,-110.13541066669252,30.0,inferred,-80.0,2.0
inferred_18,36.055849342630644,-110.00653063390911,30.0,inferred,-80.0,3.0
inferred_19,36.080125467601036,-110.46630922927498,30.0,inferred,-80.0,57.0
inferred_20,36.10523233034963,-110.29424617568311,30.0,inferred,-80.0,4.0
inferred_21,36.28748877332299,-109.94261838929339,30.0,inferred,-90.0,3.0
inferred_22,36.303929364873746,-109.9377027046043,30.0,inferred,-90.0,7.0
inferred_23,36.15962622930882,-109.83690267633587,30.0,inferred,-90.0,21.0
inferred_24,36.3250682730696,-109.99150062438025,30.0,inferred,-90.0,16.0
inferred_25,36.333801976482015,-109.949962852527,30.0,inferred,-90.0,7.0
inferred_26,36.30413925843851,-109.9609873698237,30.0,inferred,-90.0,5.0
inferred_27,36.40289756824776,-110.01995760964142,30.0,inferred,-90.0,17.0
inferred_28,36.25852196979117,-110.0927920111801,30.0,inferred,-90.0,3.0
inferred_29,36.36770121955845,-109.90294335791218,30.0,inferred,-90.0,2.0
inferred_30,36.33462711909243,-109.90123574509532,30.0,inferred,-80.0,1.0
inferred_31,36.34911553349551,-109.88951835851779,30.0,inferred,-80.0,1.0
inferred_32,36.36918808136212,-109.95906334887216,30.0,inferred,-90.0,6.0
inferred_33,36.18970148609624,-109.99469757328237,30.0,inferred,-90.0,2.0
inferred_34,36.51979221381118,-110.38626737214477,30.0,inferred,-90.0,252.0
inferred_35,36.56505568786822,-110.31017541102511,30.0,inferred,-90.0,7.0
inferred_36,36.34319533982414,-110.27334759478853,30.0,inferred,-90.0,5.0
inferred_37,36.33245099567792,-110.15362947514895,30.0,inferred,-90.0,5.0
inferred_38,36.349131707576944,-110.14086058151182,30.0,inferred,-90.0,3.0
inferred_39,36.51771046620132,-110.43328432799755,30.0,inferred,-90.0,2.0
inferred_40,36.542834373473674,-110.41768728266,30.0,inferred,-90.0,7.0
inferred_41,36.55315982185983,-110.44254518748247,30.0,inferred,-90.0,7.0
inferred_42,36.487991593699604,-110.30244318862282,30.0,inferred,-90.0,3.0
inferred_43,36.47077888121657,-109.9405121484724,30.0,inferred,-90.0,8.0
inferred_44,36.53435835474259,-109.88268379908187,30.0,inferred,-90.0,123.0
inferred_45,36.553566849195235,-109.90303426799343,30.0,inferred,-90.0,3.0
inferred_46,36.03365384654728,-110.02887572041817,30.0,inferred,-90.0,2.0
inferred_47,36.15480016870382,-110.41092316742164,30.0,inferred,-90.0,2.0
inferred_48,36.16255177381198,-110.39242596383029,30.0,inferred,-90.0,2.0
inferred_49,36.13102175464597,-110.32901396939427,30.0,inferred,-90.0,2.0
inferred_50,36.23511977746583,-110.13876342220945,30.0,inferred,-90.0,3.0
inferred_51,36.21568603921711,-110.16260026054059,30.0,inferred,-90.0,7.0
inferred_52,36.30380236515699,-110.19000282303041,30.0,inferred,-90.0,5.0
inferred_53,36.29357092059159,-110.17897655003388,30.0,inferred,-80.0,1.0
inferred_54,36.184606109319,-110.26642358130181,30.0,inferred,-90.0,2.0
inferred_55,36.17517181282447,-110.277430189192,30.0,inferred,-90.0,5.0
inferred_56,36.197952302932904,-110.24217293521514,30.0,inferred,-90.0,2.0
inferred_57,36.32112509446758,-110.39265032633554,30.0,inferred,-90.0,5.0
inferred_58,36.27025170094246,-109.92851498322801,30.0,inferred,-100.0,2.0
inferred_59,36.188872756497794,-109.79743403435653,30.0,inferred,-100.0,5.0
inferred_60,36.27702950537301,-110.04043384496407,30.0,inferred,-100.0,2.0
inferred_61,36.39108318460868,-110.0856386089005,30.0,inferred,-100.0,4.0
inferred_62,36.25504382083823,-110.05073365769127,30.0,inferred,-100.0,2.0
inferred_63,36.2777903753714,-110.01140887638662,30.0,inferred,-100.0,2.0
inferred_64,36.54172916280176,-110.25958375773413,30.0,inferred,-100.0,2.0
inferred_65,36.499156386280646,-110.18389194239697,30.0,inferred,-100.0,2.0
inferred_66,36.382086398880745,-110.21394764015487,30.0,inferred,-100.0,2.0
inferred_67,36.418790759578734,-110.24697808450098,30.0,inferred,-100.0,3.0
inferred_68,36.433302772795905,-110.21112165038211,30.0,inferred,-100.0,11.0
inferred_69,36.42884054288216,-110.23312871422188,30.0,inferred,-100.0,2.0
inferred_70,36.362908998007654,-110.22134790897908,30.0,inferred,-100.0,4.0
inferred_71,36.42842779911559,-110.14368684502305,30.0,inferred,-100.0,15.0
inferred_72,36.39792487772332,-110.1351148578954,30.0,inferred,-100.0,4.0
inferred_73,36.44273004910275,-110.19065054781991,30.0,inferred,-100.0,6.0
inferred_74,36.45782774745744,-110.17106911530999,30.0,inferred,-100.0,3.0
inferred_75,36.360292874538395,-110.24505100966809,30.0,inferred,-100.0,4.0
inferred_76,36.358815322404496,-110.34604518322384,30.0,inferred,-100.0,21.0
inferred_77,36.373559061269624,-110.28087306623397,30.0,inferred,-100.0,3.0
inferred_78,36.5189379720503,-110.31830019019976,30.0,inferred,-100.0,6.0
inferred_79,36.46179444318345,-110.00998355899651,30.0,inferred,-100.0,2.0
inferred_80,36.448814617038586,-110.11957107368585,30.0,inferred,-100.0,16.0
inferred_81,36.47220038410772,-110.13640306276808,30.0,inferred,-100.0,2.0
inferred_82,36.471566347168356,-110.08745032721876,30.0,inferred,-100.0,2.0
inferred_83,36.17967960410011,-110.47471444602898,30.0,inferred,-90.0,1.0
inferred_84,36.39621473050061,-110.39262094122952,30.0,inferred,-100.0,2.0
