lat,lon,d_m,los,model_db,sionna_los_db,sionna_los_refl_diff_db
33.78643540247858,-109.96154830743018,3155.1240216936467,True,-101.0788369028088,-101.07870483398438,-101.07868957519531
33.74237440565167,-109.97339710227541,2003.562636416617,True,-97.07886847897205,-97.07886505126953,-94.055908203125
33.71491682287235,-109.98032195368013,5081.185872308576,True,-105.15743657772003,-105.15744018554688,-105.15059661865234
33.80759242870404,-109.93567722129261,6388.202704751094,True,-107.1553961853673,-107.15508270263672,-107.04513549804688
33.819530669273334,-109.98115378729457,6615.797441663318,True,-107.46381798736742,-107.46382141113281,-106.96128845214844
33.78279629309206,-110.01151781296424,4216.612980830857,True,-103.58520615304762,-103.58458709716797,-103.5838623046875
33.797539587318084,-110.0361075739398,7022.340315256041,True,-107.98126362479367,-107.98063659667969,-106.68966674804688
33.775234998975854,-109.99465900915624,2473.5850237270206,True,-99.25287329749365,-98.98872375488281,-98.96232604980469
33.82220869085454,-109.93886653658633,7650.118938765348,True,-108.71258126384333,-108.71239471435547,-108.62147521972656
33.807902426494586,-110.02948111768521,7322.611665634617,True,-108.34224023759914,-108.34178161621094,-108.1178207397461
33.71032862002042,-109.93776699366491,6538.603386260271,True,-112.35609057944608,-107.3464126586914,-107.3464126586914
33.7975586535716,-110.02398173406873,6153.238031111779,True,-106.83869782087416,-106.83816528320312,-106.33678436279297
33.73107867447231,-109.99818439726371,3908.433742837978,True,-107.02251217287855,-102.87982940673828,-102.87982940673828
33.81358147068199,-109.99856306590218,6321.379884560768,True,-107.05872702370004,-107.05860900878906,-106.99700927734375
33.7749753464299,-109.91030566099698,6190.330509933984,True,-106.87080296756454,-106.8698959350586,-106.8698959350586
33.74596542686449,-109.9933025828812,2340.910584237458,True,-98.43196470854643,-98.43145751953125,-96.25153350830078
33.713398360537454,-109.99524362419695,5555.748546558812,True,-109.88164816854733,-105.933837890625,-105.933837890625
33.724913993179946,-109.98032355137414,3975.452625324589,True,-104.1570884051536,-103.0269546508789,-103.0269546508789
33.79047492976324,-109.95660913088967,3755.4320927514236,True,-102.58005522457752,-102.57987213134766,-101.86064147949219
33.78384621337776,-110.0106844071288,4226.1369612576555,True,-103.60442021343033,-103.60382843017578,-100.96232604980469
33.82966519229471,-109.91731961086909,9375.50685913971,True,-110.47706175125799,-110.47675323486328,-109.99696350097656
33.792265038137685,-109.98114127615847,3602.298552913535,True,-102.23313853231461,-102.23312377929688,-102.23130798339844
33.78805511315214,-109.98440637276077,3210.692252937513,True,-101.24513770186815,-101.24507141113281,-101.2199478149414
33.726211580602694,-110.01122709884866,5076.672529720519,True,-105.14913802137274,-105.14871215820312,-104.84168243408203
33.796578600823295,-109.94761852709638,4756.435231414341,True,-104.61152028090478,-104.61125183105469,-103.37161254882812
33.77304251869709,-109.99375437009284,2251.266824740579,True,-98.16964075357909,-98.1690673828125,-97.48894500732422
33.74722902506708,-109.96531667286449,1703.9863637961355,True,-95.67227547326115,-95.67201232910156,-93.80873107910156
33.81673854012188,-109.91937592522545,8109.786192406822,True,-111.22848937760189,-109.21836853027344,-109.05998992919922
33.77858357968758,-110.03451633637212,5885.364148913268,True,-106.45795412158974,-106.45710754394531,-106.43299102783203
33.781316003623964,-110.03075603061664,5678.255539310897,True,-106.14801466745439,-106.147216796875,-106.09284973144531
33.71198331626343,-109.92701562868186,6968.013528093681,False,-117.11164435510344,-300.0000305175781,-300.0000305175781
33.812888513190515,-110.01545099826569,6954.06843242043,False,-137.45368443453256,-300.0000305175781,-300.0000305175781
33.714030269036655,-109.92245157499617,7075.958893990532,False,-120.50898476456442,-300.0000305175781,-300.0000305175781
33.76072246654372,-109.94328748678794,2919.797390395741,False,-131.19700051498907,-300.0000305175781,-195.67910766601562
33.787662741388914,-109.97358211714945,3044.5485812096545,False,-120.46777776035648,-300.0000305175781,-191.59381103515625
33.75604130651143,-110.01829992483611,4051.0486936572306,False,-135.81809405700383,-300.0000305175781,-300.0000305175781
33.82770024065315,-109.96175822939033,7596.3166340118005,False,-123.01443664685443,-300.0000305175781,-300.0000305175781
33.792613607668514,-109.92166609100245,6092.97409764523,False,-138.31407186351106,-300.0000305175781,-198.23403930664062
33.756670570877496,-110.0093950467219,3224.528005980224,False,-135.49598763597157,-300.0000305175781,-300.0000305175781
33.76830024305982,-110.01051935745627,3419.716280559082,False,-125.17454826401047,-300.0000305175781,-203.1383056640625
33.822085221914755,-109.9327388841819,7901.399287611491,False,-139.7951363962482,-300.0000305175781,-300.0000305175781
33.75293542360509,-109.9333963901188,3922.2992988447595,False,-138.7380787423322,-300.0000305175781,-300.0000305175781
33.74862432692912,-110.03728537238949,5924.987939657761,False,-129.5710140767376,-300.0000305175781,-222.225341796875
33.73725891122401,-109.93050861215652,4839.964765859434,False,-114.38834101052475,-300.0000305175781,-181.10910034179688
33.80445179689865,-109.98326714149039,4972.945871557182,False,-129.41574359437644,-300.0000305175781,-190.70889282226562
33.81517810769729,-110.02896118619333,7897.471421053021,False,-125.8905019263965,-300.0000305175781,-300.0000305175781
33.717028164176625,-109.93580363554636,6023.810842944328,False,-121.0834893143633,-300.0000305175781,-300.0000305175781
33.72803353602738,-109.96909474695626,3634.58363536434,False,-109.15045718019468,-300.0000305175781,-300.0000305175781
33.80555891243448,-110.01903533282778,6487.036765399868,False,-138.86305168558712,-300.0000305175781,-300.0000305175781
33.737677065079254,-109.93225874163198,4678.212728099776,False,-112.03522808467297,-300.0000305175781,-300.0000305175781
33.7208903654743,-110.03066325510417,6780.590825598688,False,-131.55822839985467,-300.0000305175781,-300.0000305175781
33.77963988631843,-109.9278341992815,4851.66699297659,False,-122.47015423630367,-300.0000305175781,-300.0000305175781
33.74584353593827,-109.95893538215655,2183.20115386054,False,-106.95644193500507,-300.0000305175781,-191.95594787597656
33.733941853276185,-109.9278685228833,5246.221572231264,False,-113.26166608599445,-300.0000305175781,-300.0000305175781
33.72265943354843,-109.92100493099947,6511.93501065045,False,-116.3279165125359,-300.0000305175781,-186.37335205078125
33.762845258565896,-109.95630121956577,1737.7317671492538,False,-122.92490641787941,-300.0000305175781,-197.8227996826172
33.82455085924289,-110.02183735590108,8368.289681041682,False,-117.01462998905552,-300.0000305175781,-300.0000305175781
33.78442561424185,-109.91690575304492,5994.494287799198,False,-135.39096740366853,-300.0000305175781,-196.86209106445312
33.82387324099254,-110.0138652732186,7942.336920008703,False,-127.28918663665074,-300.0000305175781,-300.0000305175781
33.76969072345852,-110.01345707238305,3723.275580378959,False,-128.3773109533326,-300.0000305175781,-205.8240509033203
