lat,lon,d_m,model_db,d1_diff,d2_diff,d3_diff,d3_diff_edge,d3_diff_nolit,d1_diff_1e7,d1_diff_seed7,d3_nodiff,itm_db
33.71198331626343,-109.92701562868186,6968.013528093681,-117.11164435510344,-300.0000305175781,-300.0000305175781,-300.0000305175781,-300.0000305175781,-300.0000305175781,-201.61984252929688,-300.0000305175781,-300.0000305175781,-128.1
33.812888513190515,-110.01545099826568,6954.06843242043,-137.45368443453256,-300.0000305175781,-300.0000305175781,-300.0000305175781,-300.0000305175781,-300.0000305175781,-300.0000305175781,-300.0000305175781,-300.0000305175781,-168.81
33.714030269036655,-109.92245157499616,7075.958893990532,-120.50898476456442,-300.0000305175781,-300.0000305175781,-300.0000305175781,-300.0000305175781,-300.0000305175781,-196.487548828125,-300.0000305175781,-300.0000305175781,-133.53
33.76072246654372,-109.94328748678794,2919.797390395741,-131.19700051498907,-195.6791076660156,-195.6791076660156,-195.6791076660156,-195.6791076660156,-300.0000305175781,-175.9965362548828,-206.73403930664065,-300.0000305175781,-161.26
33.787662741388914,-109.97358211714943,3044.5485812096545,-120.46777776035648,-186.1547088623047,-186.13931274414065,-186.1392974853516,-186.1392974853516,-300.0000305175781,-174.44573974609375,-180.77085876464844,-300.0000305175781,-136.68
33.75604130651143,-110.01829992483611,4051.048693657231,-135.81809405700383,-300.0000305175781,-300.0000305175781,-300.0000305175781,-300.0000305175781,-300.0000305175781,-300.0000305175781,-300.0000305175781,-300.0000305175781,-166.99
33.82770024065315,-109.96175822939033,7596.3166340118,-123.01443664685443,-300.0000305175781,-300.0000305175781,-300.0000305175781,-300.0000305175781,-300.0000305175781,-179.1071319580078,-300.0000305175781,-300.0000305175781,-144.67
33.792613607668514,-109.92166609100244,6092.97409764523,-138.31407186351106,-198.23403930664065,-198.23403930664065,-198.23403930664065,-198.23403930664065,-300.0000305175781,-194.83724975585935,-211.4984436035156,-300.0000305175781,-173.09
33.756670570877496,-110.0093950467219,3224.528005980224,-135.49598763597157,-300.0000305175781,-300.0000305175781,-300.0000305175781,-300.0000305175781,-300.0000305175781,-300.0000305175781,-300.0000305175781,-300.0000305175781,-170.74
33.76830024305982,-110.01051935745627,3419.716280559082,-125.17454826401048,-203.12863159179688,-203.12863159179688,-203.12863159179688,-203.12863159179688,-300.0000305175781,-185.71881103515625,-204.40115356445312,-300.0000305175781,-142.45
33.822085221914755,-109.9327388841819,7901.399287611491,-139.7951363962482,-300.0000305175781,-300.0000305175781,-300.0000305175781,-300.0000305175781,-300.0000305175781,-300.0000305175781,-300.0000305175781,-300.0000305175781,-179.43
33.75293542360509,-109.9333963901188,3922.29929884476,-138.7380787423322,-300.0000305175781,-300.0000305175781,-300.0000305175781,-300.0000305175781,-300.0000305175781,-300.0000305175781,-300.0000305175781,-300.0000305175781,-168.95
33.74862432692912,-110.03728537238948,5924.987939657761,-129.5710140767376,-222.225341796875,-220.68321228027344,-220.675048828125,-220.675048828125,-300.0000305175781,-198.0856170654297,-223.24903869628903,-300.0000305175781,-149.08
33.73725891122401,-109.93050861215652,4839.964765859434,-114.38834101052475,-181.10910034179688,-181.10910034179688,-181.10910034179688,-181.10910034179688,-300.0000305175781,-178.42596435546875,-300.0000305175781,-300.0000305175781,-123.02
33.80445179689865,-109.9832671414904,4972.945871557182,-129.41574359437644,-190.7088928222656,-190.70880126953125,-190.70880126953125,-190.70880126953125,-300.0000305175781,-185.2353057861328,-188.64303588867188,-300.0000305175781,-168.51
33.81517810769729,-110.02896118619331,7897.471421053021,-125.8905019263965,-300.0000305175781,-300.0000305175781,-300.0000305175781,-300.0000305175781,-300.0000305175781,-195.7452545166016,-300.0000305175781,-300.0000305175781,-143.55
33.717028164176625,-109.93580363554636,6023.810842944328,-121.0834893143633,-300.0000305175781,-300.0000305175781,-300.0000305175781,-300.0000305175781,-300.0000305175781,-300.0000305175781,-300.0000305175781,-300.0000305175781,-136.6
33.72803353602738,-109.96909474695626,3634.58363536434,-109.15045718019468,-300.0000305175781,-300.0000305175781,-300.0000305175781,-300.0000305175781,-300.0000305175781,-185.67428588867188,-206.52536010742188,-300.0000305175781,-113.83
33.80555891243448,-110.01903533282778,6487.036765399868,-138.86305168558712,-300.0000305175781,-300.0000305175781,-300.0000305175781,-300.0000305175781,-300.0000305175781,-225.84051513671875,-300.0000305175781,-300.0000305175781,-172.37
33.737677065079254,-109.93225874163198,4678.212728099776,-112.03522808467297,-300.0000305175781,-300.0000305175781,-300.0000305175781,-300.0000305175781,-300.0000305175781,-175.42984008789062,-300.0000305175781,-300.0000305175781,-119.54
33.7208903654743,-110.03066325510416,6780.590825598688,-131.55822839985467,-300.0000305175781,-300.0000305175781,-300.0000305175781,-300.0000305175781,-300.0000305175781,-300.0000305175781,-300.0000305175781,-300.0000305175781,-158.57
33.77963988631843,-109.9278341992815,4851.66699297659,-122.47015423630369,-300.0000305175781,-300.0000305175781,-300.0000305175781,-300.0000305175781,-300.0000305175781,-191.072021484375,-300.0000305175781,-300.0000305175781,-141.65
33.74584353593827,-109.95893538215655,2183.20115386054,-106.95644193500507,-191.95594787597656,-191.95594787597656,-191.95594787597656,-191.95594787597656,-300.0000305175781,-183.11712646484372,-196.2863922119141,-300.0000305175781,-115.71
33.733941853276185,-109.9278685228833,5246.221572231264,-113.26166608599443,-300.0000305175781,-300.0000305175781,-300.0000305175781,-300.0000305175781,-300.0000305175781,-201.3382873535156,-300.0000305175781,-300.0000305175781,-122.33
33.72265943354843,-109.92100493099947,6511.93501065045,-116.3279165125359,-186.37335205078125,-186.37335205078125,-186.37335205078125,-186.37335205078125,-300.0000305175781,-195.245361328125,-300.0000305175781,-300.0000305175781,-123.87
33.762845258565896,-109.95630121956576,1737.7317671492538,-122.9249064178794,-198.06814575195312,-198.06814575195312,-198.06814575195312,-198.06814575195312,-300.0000305175781,-185.2813873291016,-189.02528381347656,-300.0000305175781,-138.01
33.82455085924289,-110.02183735590108,8368.289681041682,-117.01462998905552,-300.0000305175781,-300.0000305175781,-300.0000305175781,-300.0000305175781,-300.0000305175781,-192.309326171875,-300.0000305175781,-300.0000305175781,-129.97
33.78442561424185,-109.91690575304492,5994.494287799198,-135.39096740366853,-196.86209106445312,-196.86209106445312,-196.86209106445312,-196.86209106445312,-300.0000305175781,-201.13645935058597,-196.86209106445312,-300.0000305175781,-166.66
33.82387324099254,-110.0138652732186,7942.336920008703,-127.28918663665074,-300.0000305175781,-300.0000305175781,-300.0000305175781,-300.0000305175781,-300.0000305175781,-183.3967437744141,-300.0000305175781,-300.0000305175781,-146.09
33.76969072345852,-110.01345707238303,3723.275580378959,-128.3773109533326,-205.8240509033203,-205.8240509033203,-205.8240509033203,-205.8240509033203,-300.0000305175781,-190.1405487060547,-177.57369995117188,-300.0000305175781,-149.18
