quadkey,lon,lat,tests,devices,d_mbps,u_mbps,lat_ms,quarters,cells,claimed,vehicle,claim_frac,vehicle_frac,robust,below_std,contradiction,underclaimed,tribal,county
0230133013311123,-113.92,33.854499999999994,55.0,3.0,22.047636363636364,0.9578181818181819,63.45454545454545,2.0,2,2,2,1.0,1.0,True,True,True,False,,La Paz
0230133013311301,-113.92,33.849900000000005,109.0,4.0,16.889816513761467,0.9764311926605505,53.54128440366973,3.0,1,1,1,1.0,1.0,True,True,True,False,,La Paz
0230133103202030,-113.54100000000001,33.822500000000005,15.0,4.0,13.734533333333333,0.9946,56.4,3.0,3,3,3,1.0,1.0,True,True,True,False,,La Paz
0230133131223311,-112.7664,33.447500000000005,17.0,5.0,9.697235294117647,0.8973529411764706,34.64705882352941,4.0,1,1,1,1.0,1.0,True,True,True,False,,Maricopa
0230133132111103,-112.8653,33.4246,13.0,4.0,13.12323076923077,0.5964615384615385,36.15384615384615,3.0,1,1,1,1.0,1.0,True,True,True,False,,Maricopa
0230133210231233,-114.45830000000001,32.8819,12.0,3.0,6.325166666666667,0.7759166666666666,59.916666666666664,3.0,1,1,1,1.0,1.0,True,True,True,False,,Yuma
0231020230020302,-111.7722,34.789,16.0,3.0,4.40125,1.12675,69.0,3.0,2,2,2,1.0,1.0,True,True,True,False,,Yavapai
0231022003233110,-111.98089999999999,33.758599999999994,38.0,5.0,66.77421052631578,0.9137894736842105,34.21052631578947,4.0,2,2,2,1.0,1.0,True,True,True,False,,Maricopa
0231022011110313,-111.1404,34.2822,35.0,3.0,65.316,0.9375142857142857,356.65714285714284,3.0,1,1,1,1.0,1.0,True,True,True,False,,Gila
0231022032123231,-111.55789999999999,33.2915,19.0,4.0,29.129,0.35168421052631577,71.0,3.0,1,1,1,1.0,1.0,True,True,True,False,,Pinal
0231200110313222,-110.08030000000001,31.7305,21.0,8.0,29.512380952380955,0.9564285714285714,60.666666666666664,4.0,2,2,2,1.0,1.0,True,True,True,False,,Cochise
